<application>
  <component name="AndroidLogcatFilterHistory">
    <option name="favorites">
      <list>
        <option value="package:mine MixPanel" />
      </list>
    </option>
    <option name="mostRecentlyUsed" value="package:mine  display" />
    <option name="nonFavorites">
      <list>
        <option value="package:mine  display" />
        <option value="package:mine  Tag " />
        <option value="package:mine  InternalBrowser " />
        <option value="package:mine  Internal" />
        <option value="package:mine  Mixpan" />
        <option value="package:mine  WebViewCoordinator" />
        <option value="package:mine  Webview" />
        <option value="package:mine  InAppWebViewScreen" />
        <option value="package:mine " />
        <option value="package:mine InternalBrowserScreen" />
        <option value="package:mine PulseLike" />
        <option value="package:mine DocumentSourceActivity" />
        <option value="package:mine Internal" />
        <option value="package:mine IntentUtils" />
        <option value="package:mine Docum" />
        <option value="package:mine Mixpanel" />
        <option value="package:mine MixPanelComponentImpl" />
        <option value="package:mine openToolFromTool" />
        <option value="package:mine Search" />
        <option value="package:mine ItemToolConverter" />
      </list>
    </option>
  </component>
</application>