<application>
  <component name="AndroidLogcatFilterHistory">
    <option name="favorites">
      <list>
        <option value="package:mine MixPanel" />
      </list>
    </option>
    <option name="mostRecentlyUsed" value="package:mine SplashViewModel" />
    <option name="nonFavorites">
      <list>
        <option value="package:mine SplashViewModel" />
        <option value="package:mine spla" />
        <option value="package:mine " />
        <option value="package:mine NewSearchInitialFragmentViewModel" />
        <option value="package:mine FirebaseRepository" />
        <option value="package:mine LogTag" />
        <option value="package:mine BecomeExpertContent" />
        <option value="package:mine pulse" />
        <option value="package:mine SplashScreenActivity" />
        <option value="package:mine Bottom" />
        <option value="package:mine Splash" />
        <option value="package:mine LogTa" />
        <option value="package:mine BaseActivity" />
        <option value="package:mine app.close" />
        <option value="package:mine LogTagCom" />
        <option value="package:mine TagCom" />
        <option value="package:mine  MainAppTagComponent" />
        <option value="package:mine  BaseActivity" />
        <option value="package:mine  Mixpanel" />
        <option value="package:mine  MIXPANEL" />
      </list>
    </option>
  </component>
</application>