<application>
  <component name="UpdatesConfigurable">
    <ignoredBuildNumbers>
      <item value="emulator#31.3.14" />
      <item value="system-images;android-33;google_apis;arm64-v8a#8" />
    </ignoredBuildNumbers>
    <option name="LAST_BUILD_CHECKED" value="AI-221.6008.13.2211.9477386" />
    <option name="LAST_TIME_CHECKED" value="1680390955524" />
    <option name="THIRD_PARTY_PLUGINS_ALLOWED" value="true" />
    <option name="UPDATE_CHANNEL_TYPE" value="release" />
  </component>
</application>